{
  "rho_star": [
    1.0,
    0.9111111111111111,
    0.8222222222222222,
    0.7333333333333334,
    0.6444444444444444,
    0.5555555555555556,
    0.4666666666666667,
    0.37777777777777777,
    0.28888888888888886,
    0.2
  ],
  "rho_pow_L": [
    1.0,
    0.8301234567901234,
    0.6760493827160493,
    0.5377777777777779,
    0.41530864197530853,
    0.308641975308642,
    0.2177777777777778,
    0.14271604938271604,
    0.08345679012345678,
    0.04000000000000001
  ],
  "encoder_init": [
    0.050000000745058046,
    0.050000000745058046,
    0.05000000074505806,
    0.05000000074505805,
    0.050000000745058046,
    0.05000000074505806,
    0.05000000074505807,
    0.05000000074505806,
    0.05000000074505807,
    0.05000000074505806
  ],
  "encoder_final": [
    0.999847176608178,
    0.9545889955908065,
    0.9071149595230219,
    0.856297909859162,
    0.8029932983162138,
    0.7453097376626195,
    0.6834241266884172,
    0.6146053084864744,
    0.537539614661162,
    0.4472104116626291
  ],
  "composition_final": [
    0.9999204849544774,
    0.91130499112941,
    0.8228905025034556,
    0.7334290885728139,
    0.6449397086881832,
    0.5556113475097303,
    0.46713894665991207,
    0.3778193158173774,
    0.28899825966250564,
    0.2001151158279701
  ],
  "config": {
    "d": 10,
    "eps": 0.05,
    "steps": 80000,
    "lr": 0.05,
    "n": 4096,
    "seed": 0,
    "L": 2
  },
  "encoder_traj_first6": [
    [
      0.050000000745058046,
      0.050000000745058046,
      0.05000000074505806,
      0.05000000074505805,
      0.050000000745058046,
      0.05000000074505806,
      0.05000000074505807,
      0.05000000074505806,
      0.05000000074505807,
      0.05000000074505806
    ],
    [
      0.9998267204140006,
      0.954581058279139,
      0.9070881162021461,
      0.8561400389973326,
      0.8026570966424469,
      0.7432858714825288,
      0.6772998653896987,
      0.5943492185410171,
      0.4729893520477574,
      0.2839857009348255
    ],
    [
      0.9998458553931661,
      0.9545886601860435,
      0.9071144035725329,
      0.8562951390822736,
      0.8029904885563103,
      0.7453074612395654,
      0.6834254264992156,
      0.6145905553702594,
      0.537339499157289,
      0.44115762130253583
    ],
    [
      0.9998478957920172,
      0.9545893935956311,
      0.9071159796845589,
      0.8562981380575037,
      0.8029939854440402,
      0.7453106026143572,
      0.6834267548798861,
      0.6146060058752432,
      0.5375390455601532,
      0.44710401898458446
    ],
    [
      0.9998471696627916,
      0.9545889843792621,
      0.9071149659746671,
      0.8562979262106212,
      0.8029932710457846,
      0.7453097962620598,
      0.6834241333523974,
      0.6146054338697857,
      0.5375395222173348,
      0.4472102168746908
    ],
    [
      0.9998471747118898,
      0.9545889817372044,
      0.9071149603028663,
      0.8562979180284187,
      0.8029932717507606,
      0.7453097775750446,
      0.6834241372714522,
      0.6146053670609689,
      0.5375395446311513,
      0.4472103463842831
    ]
  ],
  "encoder_traj_last6": [
    [
      0.999847176608178,
      0.9545889955908065,
      0.9071149595230219,
      0.856297909859162,
      0.8029932983162138,
      0.7453097376626195,
      0.6834241266884172,
      0.6146053084864744,
      0.537539614661162,
      0.4472104116626291
    ],
    [
      0.999847176608178,
      0.9545889955908065,
      0.9071149595230219,
      0.856297909859162,
      0.8029932983162138,
      0.7453097376626195,
      0.6834241266884172,
      0.6146053084864744,
      0.537539614661162,
      0.4472104116626291
    ],
    [
      0.999847176608178,
      0.9545889955908065,
      0.9071149595230219,
      0.856297909859162,
      0.8029932983162138,
      0.7453097376626195,
      0.6834241266884172,
      0.6146053084864744,
      0.537539614661162,
      0.4472104116626291
    ],
    [
      0.999847176608178,
      0.9545889955908065,
      0.9071149595230219,
      0.856297909859162,
      0.8029932983162138,
      0.7453097376626195,
      0.6834241266884172,
      0.6146053084864744,
      0.537539614661162,
      0.4472104116626291
    ],
    [
      0.999847176608178,
      0.9545889955908065,
      0.9071149595230219,
      0.856297909859162,
      0.8029932983162138,
      0.7453097376626195,
      0.6834241266884172,
      0.6146053084864744,
      0.537539614661162,
      0.4472104116626291
    ],
    [
      0.999847176608178,
      0.9545889955908065,
      0.9071149595230219,
      0.856297909859162,
      0.8029932983162138,
      0.7453097376626195,
      0.6834241266884172,
      0.6146053084864744,
      0.537539614661162,
      0.4472104116626291
    ]
  ]
}