{
  "config": {
    "d": 10,
    "depth": 2,
    "n": 4096,
    "lr": 0.05,
    "steps": 80000,
    "seeds": [
      0,
      1,
      2
    ],
    "epsilons": [
      0.3,
      0.1,
      0.03,
      0.01,
      0.003
    ],
    "log_every": 200
  },
  "rows": [
    {
      "eps": 0.3,
      "err_inf_mean": 0.0006484340649303236,
      "err_inf_std": 0.0001529966763582374,
      "err_l2_mean": 0.0003375115037098419,
      "per_seed": [
        {
          "eps": 0.3,
          "seed": 0,
          "plateau_step": 3400,
          "sigma_T": [
            1.0002213217312756,
            0.954323992519283,
            0.9068199348480226,
            0.8561312441341284,
            0.802791115603854,
            0.7451989013707336,
            0.6829543170117024,
            0.6149978364817618,
            0.5374342711829214,
            0.4470737566293799
          ],
          "rho_hat": [
            1.00044269244586,
            0.9107342826979445,
            0.822322394237772,
            0.7329607071826506,
            0.6444735752924804,
            0.5553214026041484,
            0.4664265991249209,
            0.37822233887724777,
            0.2888355958419179,
            0.19987494386670604
          ],
          "rho_star": [
            1.0,
            0.9111111111111111,
            0.8222222222222222,
            0.7333333333333334,
            0.6444444444444444,
            0.5555555555555556,
            0.4666666666666667,
            0.37777777777777777,
            0.28888888888888886,
            0.2
          ],
          "err_inf": 0.0004445610994699978,
          "err_l2": 0.00028570672507220436
        },
        {
          "eps": 0.3,
          "seed": 1,
          "plateau_step": 3400,
          "sigma_T": [
            0.9997081503202897,
            0.9544363396580957,
            0.9066571689903957,
            0.8567502224936518,
            0.8027666565523741,
            0.745703643585877,
            0.6834465150656507,
            0.6145712258831206,
            0.5376710505201163,
            0.4473307749773035
          ],
          "rho_hat": [
            0.9994163858168149,
            0.9109487264599438,
            0.822027222081679,
            0.7340209437429219,
            0.6444343048722774,
            0.5560739240572528,
            0.4670991389553827,
            0.37769779168348167,
            0.2890901585674055,
            0.20010482224179493
          ],
          "rho_star": [
            1.0,
            0.9111111111111111,
            0.8222222222222222,
            0.7333333333333334,
            0.6444444444444444,
            0.5555555555555556,
            0.4666666666666667,
            0.37777777777777777,
            0.28888888888888886,
            0.2
          ],
          "err_inf": 0.0006876104095885349,
          "err_l2": 0.00037303396307367245
        },
        {
          "eps": 0.3,
          "seed": 2,
          "plateau_step": 3400,
          "sigma_T": [
            0.9999566466844072,
            0.9545312308506804,
            0.9065532190990628,
            0.8565585451802442,
            0.8030002167276984,
            0.7455918333450962,
            0.6832926754227793,
            0.6146326704966533,
            0.5374660699855693,
            0.4463035618435815
          ],
          "rho_hat": [
            0.9999132952483244,
            0.9111298706693148,
            0.8218387390588734,
            0.7336925413212965,
            0.6448093480647306,
            0.5559071819509016,
            0.46688888028641956,
            0.37777331964184757,
            0.2888697763857329,
            0.19918686931426757
          ],
          "rho_star": [
            1.0,
            0.9111111111111111,
            0.8222222222222222,
            0.7333333333333334,
            0.6444444444444444,
            0.5555555555555556,
            0.4666666666666667,
            0.37777777777777777,
            0.28888888888888886,
            0.2
          ],
          "err_inf": 0.0008131306857324383,
          "err_l2": 0.0003537938229836488
        }
      ]
    },
    {
      "eps": 0.1,
      "err_inf_mean": 0.0006529392999300998,
      "err_inf_std": 0.00015222009498030734,
      "err_l2_mean": 0.00034427861532293665,
      "per_seed": [
        {
          "eps": 0.1,
          "seed": 0,
          "plateau_step": 4000,
          "sigma_T": [
            1.0001508057011044,
            0.9542837417938416,
            0.9067670840443862,
            0.856080322117027,
            0.8027657307785039,
            0.7451647374566526,
            0.6829312467688982,
            0.6149821285634318,
            0.5373698360067455,
            0.4470340045829783
          ],
          "rho_hat": [
            1.0003016341445683,
            0.9106574598520553,
            0.822226544706359,
            0.7328735179159928,
            0.6444328185123454,
            0.555270485948842,
            0.4663950878133217,
            0.3782030184524094,
            0.2887663406499165,
            0.19983940125349428
          ],
          "rho_star": [
            1.0,
            0.9111111111111111,
            0.8222222222222222,
            0.7333333333333334,
            0.6444444444444444,
            0.5555555555555556,
            0.4666666666666667,
            0.37777777777777777,
            0.28888888888888886,
            0.2
          ],
          "err_inf": 0.0004598154173406366,
          "err_l2": 0.00029749388230255043
        },
        {
          "eps": 0.1,
          "seed": 1,
          "plateau_step": 4000,
          "sigma_T": [
            0.9996714297304592,
            0.9543806556592795,
            0.9066351764225498,
            0.8567382743195759,
            0.8027565299177519,
            0.7456794118037482,
            0.6834060628425652,
            0.6145560044398641,
            0.5376529766423088,
            0.4473111912727393
          ],
          "rho_hat": [
            0.9993429674193404,
            0.9108424358966363,
            0.8219873431267479,
            0.7340004706840849,
            0.6444180463255905,
            0.5560377851879839,
            0.46704384672997623,
            0.3776790825930903,
            0.2890707232923351,
            0.20008730183783713
          ],
          "rho_star": [
            1.0,
            0.9111111111111111,
            0.8222222222222222,
            0.7333333333333334,
            0.6444444444444444,
            0.5555555555555556,
            0.4666666666666667,
            0.37777777777777777,
            0.28888888888888886,
            0.2
          ],
          "err_inf": 0.0006671373507515233,
          "err_l2": 0.0003781602566447093
        },
        {
          "eps": 0.1,
          "seed": 2,
          "plateau_step": 4000,
          "sigma_T": [
            0.9999360621756466,
            0.9545035124090139,
            0.9065262350055812,
            0.8565458188320618,
            0.8029794228799495,
            0.7455806401317406,
            0.6832779707291304,
            0.6146223715098507,
            0.5374399572993447,
            0.44628257289334283
          ],
          "rho_hat": [
            0.9998721284393385,
            0.9110769552011445,
            0.8217898147533942,
            0.7336707397586872,
            0.6447759535686167,
            0.5558904909392561,
            0.46686878528371845,
            0.3777606595603929,
            0.2888417077019214,
            0.19916813486830187
          ],
          "rho_star": [
            1.0,
            0.9111111111111111,
            0.8222222222222222,
            0.7333333333333334,
            0.6444444444444444,
            0.5555555555555556,
            0.4666666666666667,
            0.37777777777777777,
            0.28888888888888886,
            0.2
          ],
          "err_inf": 0.0008318651316981396,
          "err_l2": 0.00035718170702155034
        }
      ]
    },
    {
      "eps": 0.03,