{
  "rho_star": [
    1.0,
    0.9111111111111111,
    0.8222222222222222,
    0.7333333333333334,
    0.6444444444444444,
    0.5555555555555556,
    0.4666666666666667,
    0.37777777777777777,
    0.28888888888888886,
    0.2
  ],
  "rho_pow_L": [
    1.0,
    0.8301234567901234,
    0.6760493827160493,
    0.5377777777777779,
    0.41530864197530853,
    0.308641975308642,
    0.2177777777777778,
    0.14271604938271604,
    0.08345679012345678,
    0.04000000000000001
  ],
  "encoder_final": [
    -0.05887648851636168,
    0.21241100202148874,
    -0.2701957479622779,
    0.0651563541006855,
    0.19732516183694337,
    0.12584707837189735,
    -0.19955514800988355,
    -0.16182320144882503,
    0.04655376732342487,
    0.21668022970931872
  ],
  "composition_final": [
    0.9999229119931932,
    0.9113071713533625,
    0.8228922808489634,
    0.7334329796163749,
    0.644942168094262,
    0.5556176395187487,
    0.46714266548837313,
    0.37782350129188014,
    0.28900147617166355,
    0.2001166468177124
  ],
  "predictor_final": [
    -0.058709967265210494,
    0.21269851963649974,
    -0.27012922453422594,
    0.06472713862601677,
    0.1975910203312206,
    0.12599336573140396,
    -0.19935515080234728,
    -0.1617376823308945,
    0.0467068178205422,
    0.21699582821816626
  ],
  "encoder_init": [
    -0.0017082299842775114,
    0.01337084949546284,
    0.006084760653054635,
    -0.004714245672576847,
    0.05730308030843376,
    0.03815847840593223,
    -0.02874564693850687,
    -0.03767081663816871,
    -0.02846805021745873,
    -0.030962615149743106
  ],
  "ratios_enc_to_pred_final": [
    1.0028363369783355,
    0.9986482387583028,
    1.000246265202022,
    1.0066311516896904,
    0.9986545011315211,
    0.9988389280764316,
    1.0010032206678952,
    1.000528751968608,
    0.9967231658190592,
    0.9985456010309551
  ],
  "config": {
    "d": 10,
    "depth": 2,
    "eps": 0.01,
    "steps": 60000,
    "lr": 0.05,
    "n": 4096,
    "seed": 0
  }
}