{
  "rho_star": [
    1.0,
    0.9111111111111111,
    0.8222222222222222,
    0.7333333333333334,
    0.6444444444444444,
    0.5555555555555556,
    0.4666666666666667,
    0.37777777777777777,
    0.28888888888888886,
    0.2
  ],
  "steps": [
    0,
    375,
    750,
    1125,
    1500,
    1875,
    2250,
    2625,
    3000,
    3375,
    3750,
    4125,
    4500,
    4875,
    5250,
    5625,
    6000,
    6375,
    6750,
    7125,
    7500,
    7875,
    8250,
    8625,
    9000,
    9375,
    9750,
    10125,
    10500,
    10875,
    11250,
    11625,
    12000,
    12375,
    12750,
    13125,
    13500,
    13875,
    14250,
    14625,
    15000,
    15375,
    15750,
    16125,
    16500,
    16875,
    17250,
    17625,
    18000,
    18375,
    18750,
    19125,
    19500,
    19875,
    20250,
    20625,
    21000,
    21375,
    21750,
    22125,
    22500,
    22875,
    23250,
    23625,
    24000,
    24375,
    24750,
    25125,
    25500,
    25875,
    26250,
    26625,
    27000,
    27375,
    27750,
    28125,
    28500,
    28875,
    29250,
    29625,
    30000
  ],
  "sigma_A_final": [
    0.999933839809336,
    0.9106883862613349,
    0.8210749312982457,
    0.7333502378942398,
    0.6439176695414142,
    0.5556185311686936,
    0.46628534006724714,
    0.37766885329789834,
    0.28857500149229776,
    0.20012590479078246
  ],
  "sigma_B_final": [
    0.999933839809336,
    0.9106883862613349,
    0.8210749312982457,
    0.7333502378942398,
    0.6439176695414142,
    0.5556185311686936,
    0.46628534006724714,
    0.37766885329789834,
    0.28857500149229776,
    0.20012590479078246
  ],
  "sigma_C_final": [
    0.1177090433438003,
    0.4207573183338009,
    0.1861413146675728,
    0.2697509273546156,
    0.02079108265607502,
    0.08729542239309783,
    0.20395761372765053,
    0.09555696845561147,
    0.054871548076011,
    0.08444115147820973
  ],
  "predictions": {
    "A_predicts_plateau": [
      1.0,
      0.9111111111111111,
      0.8222222222222222,
      0.7333333333333334,
      0.6444444444444444,
      0.5555555555555556,
      0.4666666666666667,
      0.37777777777777777,
      0.28888888888888886,
      0.2
    ],
    "B_predicts_plateau": [
      1.0,
      0.9111111111111111,
      0.8222222222222222,
      0.7333333333333334,
      0.6444444444444444,
      0.5555555555555556,
      0.4666666666666667,
      0.37777777777777777,
      0.28888888888888886,
      0.2
    ],
    "C_predicts_plateau": [
      1.0,
      0.9545214042184236,
      0.9067647005823629,
      0.8563488385776753,
      0.8027729719194864,
      0.7453559924999299,
      0.6831300510639732,
      0.6146362971528592,
      0.5374838498865699,
      0.4472135954999579
    ],
    "paper_predicts_plateau": [
      1.0,
      0.8301234567901234,
      0.6760493827160493,
      0.5377777777777779,
      0.41530864197530853,
      0.308641975308642,
      0.2177777777777778,
      0.14271604938271604,
      0.08345679012345678,
      0.04000000000000001
    ]
  },
  "depth": 2,
  "eps": 0.01,
  "steps_run": 30000,
  "lr": 0.05
}